"~id","~start_node_id","~end_node_id","~relationship_type"
"0","14","5","PART_OF"
"1","2","6","REPORTS_TO"
"2","3","6","REPORTS_TO"
"3","15","7","CONTRIBUTES_WEIGHT_TO"
"4","4","6","REPORTS_TO"
"5","5","6","REPORTS_TO"
"6","16","5","PART_OF"
"7","7","3","PART_OF"
"8","8","3","PART_OF"
"9","9","3","PART_OF"
"10","10","3","PART_OF"
"11","11","3","PART_OF"
"12","17","5","PART_OF"
"13","12","5","PART_OF"
"14","13","5","PART_OF"
"15","18","0","PART_OF"
"16","0","6","REPORTS_TO"
"17","1","6","REPORTS_TO"
"18","139","19","CONTRIBUTES_WEIGHT_TO"
"19","20","2","PART_OF"
"20","21","2","PART_OF"
"21","22","2","PART_OF"
"22","23","2","PART_OF"
"23","24","2","PART_OF"
"24","25","2","PART_OF"
"25","26","4","PART_OF"
"26","27","4","PART_OF"
"27","28","4","PART_OF"
"28","29","4","PART_OF"
"29","30","4","PART_OF"
"40","1","18","DEFINE_POLICY"
"41","140","19","CONTRIBUTES_WEIGHT_TO"
"42","1","20","DEFINE_POLICY"
"43","1","12","DEFINE_POLICY"
"44","39","7","CONTRIBUTES_WEIGHT_TO"
"45","1","26","DEFINE_POLICY"
"46","1","7","DEFINE_POLICY"
"47","40","7","CONTRIBUTES_WEIGHT_TO"
"48","41","7","CONTRIBUTES_WEIGHT_TO"
"49","42","7","CONTRIBUTES_WEIGHT_TO"
"50","43","7","CONTRIBUTES_WEIGHT_TO"
"51","44","7","CONTRIBUTES_WEIGHT_TO"
"52","45","7","CONTRIBUTES_WEIGHT_TO"
"53","46","7","CONTRIBUTES_WEIGHT_TO"
"54","47","7","CONTRIBUTES_WEIGHT_TO"
"55","48","7","CONTRIBUTES_WEIGHT_TO"
"56","49","7","CONTRIBUTES_WEIGHT_TO"
"57","50","7","CONTRIBUTES_WEIGHT_TO"
"58","51","7","CONTRIBUTES_WEIGHT_TO"
"59","52","7","CONTRIBUTES_WEIGHT_TO"
"60","53","7","CONTRIBUTES_WEIGHT_TO"
"61","54","7","CONTRIBUTES_WEIGHT_TO"
"62","55","7","CONTRIBUTES_WEIGHT_TO"
"63","56","7","CONTRIBUTES_WEIGHT_TO"
"64","57","7","CONTRIBUTES_WEIGHT_TO"
"65","58","7","CONTRIBUTES_WEIGHT_TO"
"66","59","7","CONTRIBUTES_WEIGHT_TO"
"67","60","7","CONTRIBUTES_WEIGHT_TO"
"68","61","7","CONTRIBUTES_WEIGHT_TO"
"69","62","7","CONTRIBUTES_WEIGHT_TO"
"70","63","7","CONTRIBUTES_WEIGHT_TO"
"71","64","7","CONTRIBUTES_WEIGHT_TO"
"72","65","7","CONTRIBUTES_WEIGHT_TO"
"73","66","7","CONTRIBUTES_WEIGHT_TO"
"74","67","7","CONTRIBUTES_WEIGHT_TO"
"75","68","7","CONTRIBUTES_WEIGHT_TO"
"76","69","7","CONTRIBUTES_WEIGHT_TO"
"77","70","7","CONTRIBUTES_WEIGHT_TO"
"78","71","7","CONTRIBUTES_WEIGHT_TO"
"79","72","7","CONTRIBUTES_WEIGHT_TO"
"80","73","7","CONTRIBUTES_WEIGHT_TO"
"81","74","7","CONTRIBUTES_WEIGHT_TO"
"82","75","7","CONTRIBUTES_WEIGHT_TO"
"83","76","7","CONTRIBUTES_WEIGHT_TO"
"84","77","7","CONTRIBUTES_WEIGHT_TO"
"85","78","7","CONTRIBUTES_WEIGHT_TO"
"86","79","7","CONTRIBUTES_WEIGHT_TO"
"87","80","7","CONTRIBUTES_WEIGHT_TO"
"88","81","7","CONTRIBUTES_WEIGHT_TO"
"89","82","7","CONTRIBUTES_WEIGHT_TO"
"90","83","7","CONTRIBUTES_WEIGHT_TO"
"91","84","7","CONTRIBUTES_WEIGHT_TO"
"92","85","7","CONTRIBUTES_WEIGHT_TO"
"93","86","7","CONTRIBUTES_WEIGHT_TO"
"94","87","7","CONTRIBUTES_WEIGHT_TO"
"95","88","7","CONTRIBUTES_WEIGHT_TO"
"96","89","7","CONTRIBUTES_WEIGHT_TO"
"97","90","7","CONTRIBUTES_WEIGHT_TO"
"98","91","7","CONTRIBUTES_WEIGHT_TO"
"99","92","7","CONTRIBUTES_WEIGHT_TO"
"100","93","7","CONTRIBUTES_WEIGHT_TO"
"101","94","7","CONTRIBUTES_WEIGHT_TO"
"102","95","7","CONTRIBUTES_WEIGHT_TO"
"103","96","7","CONTRIBUTES_WEIGHT_TO"
"104","97","7","CONTRIBUTES_WEIGHT_TO"
"105","98","7","CONTRIBUTES_WEIGHT_TO"
"106","99","7","CONTRIBUTES_WEIGHT_TO"
"107","100","7","CONTRIBUTES_WEIGHT_TO"
"108","101","7","CONTRIBUTES_WEIGHT_TO"
"109","102","7","CONTRIBUTES_WEIGHT_TO"
"110","103","7","CONTRIBUTES_WEIGHT_TO"
"111","104","7","CONTRIBUTES_WEIGHT_TO"
"112","105","7","CONTRIBUTES_WEIGHT_TO"
"113","106","7","CONTRIBUTES_WEIGHT_TO"
"114","107","7","CONTRIBUTES_WEIGHT_TO"
"115","108","7","CONTRIBUTES_WEIGHT_TO"
"116","109","7","CONTRIBUTES_WEIGHT_TO"
"117","110","7","CONTRIBUTES_WEIGHT_TO"
"118","111","7","CONTRIBUTES_WEIGHT_TO"
"119","112","7","CONTRIBUTES_WEIGHT_TO"
"120","113","7","CONTRIBUTES_WEIGHT_TO"
"121","114","7","CONTRIBUTES_WEIGHT_TO"
"122","115","7","CONTRIBUTES_WEIGHT_TO"
"123","116","7","CONTRIBUTES_WEIGHT_TO"
"124","117","7","CONTRIBUTES_WEIGHT_TO"
"125","118","7","CONTRIBUTES_WEIGHT_TO"
"126","119","7","CONTRIBUTES_WEIGHT_TO"
"127","120","7","CONTRIBUTES_WEIGHT_TO"
"128","121","7","CONTRIBUTES_WEIGHT_TO"
"129","122","7","CONTRIBUTES_WEIGHT_TO"
"130","123","7","CONTRIBUTES_WEIGHT_TO"
"131","124","7","CONTRIBUTES_WEIGHT_TO"
"132","125","7","CONTRIBUTES_WEIGHT_TO"
"133","126","7","CONTRIBUTES_WEIGHT_TO"
"134","127","7","CONTRIBUTES_WEIGHT_TO"
"135","128","7","CONTRIBUTES_WEIGHT_TO"
"136","129","7","CONTRIBUTES_WEIGHT_TO"
"137","130","7","CONTRIBUTES_WEIGHT_TO"
"138","131","7","CONTRIBUTES_WEIGHT_TO"
"139","132","7","CONTRIBUTES_WEIGHT_TO"
"140","133","7","CONTRIBUTES_WEIGHT_TO"
"141","134","7","CONTRIBUTES_WEIGHT_TO"
"142","135","7","CONTRIBUTES_WEIGHT_TO"
"143","136","7","CONTRIBUTES_WEIGHT_TO"
"144","137","7","CONTRIBUTES_WEIGHT_TO"
"145","141","19","CONTRIBUTES_WEIGHT_TO"
"146","142","19","CONTRIBUTES_WEIGHT_TO"
"147","143","19","CONTRIBUTES_WEIGHT_TO"
"148","144","19","CONTRIBUTES_WEIGHT_TO"
"149","145","19","CONTRIBUTES_WEIGHT_TO"
"150","146","19","CONTRIBUTES_WEIGHT_TO"
"151","147","19","CONTRIBUTES_WEIGHT_TO"
"152","148","19","CONTRIBUTES_WEIGHT_TO"
"153","149","19","CONTRIBUTES_WEIGHT_TO"
"154","150","19","CONTRIBUTES_WEIGHT_TO"
"155","151","19","CONTRIBUTES_WEIGHT_TO"
"156","152","19","CONTRIBUTES_WEIGHT_TO"
"157","153","19","CONTRIBUTES_WEIGHT_TO"
"158","154","19","CONTRIBUTES_WEIGHT_TO"
"159","155","19","CONTRIBUTES_WEIGHT_TO"
"160","156","19","CONTRIBUTES_WEIGHT_TO"
"161","157","19","CONTRIBUTES_WEIGHT_TO"
"162","158","19","CONTRIBUTES_WEIGHT_TO"
"163","159","19","CONTRIBUTES_WEIGHT_TO"
"164","160","19","CONTRIBUTES_WEIGHT_TO"
"165","161","19","CONTRIBUTES_WEIGHT_TO"
"166","162","19","CONTRIBUTES_WEIGHT_TO"
"167","163","19","CONTRIBUTES_WEIGHT_TO"
"168","164","19","CONTRIBUTES_WEIGHT_TO"
"169","165","19","CONTRIBUTES_WEIGHT_TO"
"170","1","19","DEFINE_POLICY"
"171","19","1","PART_OF"
"172","138","19","CONTRIBUTES_WEIGHT_TO"
"173","166","19","CONTRIBUTES_WEIGHT_TO"
"174","167","19","CONTRIBUTES_WEIGHT_TO"
"175","168","19","CONTRIBUTES_WEIGHT_TO"
"176","169","19","CONTRIBUTES_WEIGHT_TO"
"177","170","19","CONTRIBUTES_WEIGHT_TO"
"178","171","19","CONTRIBUTES_WEIGHT_TO"
"179","172","19","CONTRIBUTES_WEIGHT_TO"
"180","173","19","CONTRIBUTES_WEIGHT_TO"
"181","174","19","CONTRIBUTES_WEIGHT_TO"
"182","175","18","CONTRIBUTES_WEIGHT_TO"
"183","176","18","CONTRIBUTES_WEIGHT_TO"
"184","177","18","CONTRIBUTES_WEIGHT_TO"
"185","178","18","CONTRIBUTES_WEIGHT_TO"
"186","179","18","CONTRIBUTES_WEIGHT_TO"
"187","180","18","CONTRIBUTES_WEIGHT_TO"
"188","181","18","CONTRIBUTES_WEIGHT_TO"
"189","182","18","CONTRIBUTES_WEIGHT_TO"
"190","183","18","CONTRIBUTES_WEIGHT_TO"
"191","184","18","CONTRIBUTES_WEIGHT_TO"
"192","185","18","CONTRIBUTES_WEIGHT_TO"
"193","186","18","CONTRIBUTES_WEIGHT_TO"
"194","187","18","CONTRIBUTES_WEIGHT_TO"
"195","188","18","CONTRIBUTES_WEIGHT_TO"
"196","189","18","CONTRIBUTES_WEIGHT_TO"
"197","190","18","CONTRIBUTES_WEIGHT_TO"
"198","191","18","CONTRIBUTES_WEIGHT_TO"
"199","192","18","CONTRIBUTES_WEIGHT_TO"
"200","193","18","CONTRIBUTES_WEIGHT_TO"
"201","194","18","CONTRIBUTES_WEIGHT_TO"
"202","195","18","CONTRIBUTES_WEIGHT_TO"
"203","196","18","CONTRIBUTES_WEIGHT_TO"
"204","197","18","CONTRIBUTES_WEIGHT_TO"
"205","198","18","CONTRIBUTES_WEIGHT_TO"
"206","199","18","CONTRIBUTES_WEIGHT_TO"
"207","200","18","CONTRIBUTES_WEIGHT_TO"
"208","201","18","CONTRIBUTES_WEIGHT_TO"
"209","202","18","CONTRIBUTES_WEIGHT_TO"
"210","203","18","CONTRIBUTES_WEIGHT_TO"
"211","204","18","CONTRIBUTES_WEIGHT_TO"
"212","205","18","CONTRIBUTES_WEIGHT_TO"
"213","206","18","CONTRIBUTES_WEIGHT_TO"
"214","207","18","CONTRIBUTES_WEIGHT_TO"
"215","208","18","CONTRIBUTES_WEIGHT_TO"
"216","209","18","CONTRIBUTES_WEIGHT_TO"
"217","210","18","CONTRIBUTES_WEIGHT_TO"
"218","211","18","CONTRIBUTES_WEIGHT_TO"
"219","212","18","CONTRIBUTES_WEIGHT_TO"
"220","213","18","CONTRIBUTES_WEIGHT_TO"
"221","214","18","CONTRIBUTES_WEIGHT_TO"
"222","215","18","CONTRIBUTES_WEIGHT_TO"
"223","216","18","CONTRIBUTES_WEIGHT_TO"
"224","217","18","CONTRIBUTES_WEIGHT_TO"
"225","218","18","CONTRIBUTES_WEIGHT_TO"
"226","219","18","CONTRIBUTES_WEIGHT_TO"
"227","220","18","CONTRIBUTES_WEIGHT_TO"
"228","221","18","CONTRIBUTES_WEIGHT_TO"
"229","222","18","CONTRIBUTES_WEIGHT_TO"
"230","223","18","CONTRIBUTES_WEIGHT_TO"
"231","224","18","CONTRIBUTES_WEIGHT_TO"
"232","225","18","CONTRIBUTES_WEIGHT_TO"
"233","226","18","CONTRIBUTES_WEIGHT_TO"
"234","227","18","CONTRIBUTES_WEIGHT_TO"
"235","228","18","CONTRIBUTES_WEIGHT_TO"
"236","229","18","CONTRIBUTES_WEIGHT_TO"
"237","230","18","CONTRIBUTES_WEIGHT_TO"
"238","231","18","CONTRIBUTES_WEIGHT_TO"
"239","232","18","CONTRIBUTES_WEIGHT_TO"
"240","233","18","CONTRIBUTES_WEIGHT_TO"
"241","234","18","CONTRIBUTES_WEIGHT_TO"
"242","235","18","CONTRIBUTES_WEIGHT_TO"
"243","236","18","CONTRIBUTES_WEIGHT_TO"
"244","237","18","CONTRIBUTES_WEIGHT_TO"
"245","238","18","CONTRIBUTES_WEIGHT_TO"
"246","239","18","CONTRIBUTES_WEIGHT_TO"
"247","240","18","CONTRIBUTES_WEIGHT_TO"
"248","241","18","CONTRIBUTES_WEIGHT_TO"
"249","242","18","CONTRIBUTES_WEIGHT_TO"
"250","243","18","CONTRIBUTES_WEIGHT_TO"
"251","244","18","CONTRIBUTES_WEIGHT_TO"
"252","245","18","CONTRIBUTES_WEIGHT_TO"
"253","246","18","CONTRIBUTES_WEIGHT_TO"
"254","247","18","CONTRIBUTES_WEIGHT_TO"
"255","248","18","CONTRIBUTES_WEIGHT_TO"
"256","249","18","CONTRIBUTES_WEIGHT_TO"
"257","250","18","CONTRIBUTES_WEIGHT_TO"
"258","251","18","CONTRIBUTES_WEIGHT_TO"
"259","252","18","CONTRIBUTES_WEIGHT_TO"
"260","253","18","CONTRIBUTES_WEIGHT_TO"
"261","254","18","CONTRIBUTES_WEIGHT_TO"
"262","255","18","CONTRIBUTES_WEIGHT_TO"
"263","256","18","CONTRIBUTES_WEIGHT_TO"
"264","257","18","CONTRIBUTES_WEIGHT_TO"
"282","275","18","CONTRIBUTES_WEIGHT_TO"
"283","276","18","CONTRIBUTES_WEIGHT_TO"
"284","277","18","CONTRIBUTES_WEIGHT_TO"
"285","278","18","CONTRIBUTES_WEIGHT_TO"
"286","279","18","CONTRIBUTES_WEIGHT_TO"
"287","280","18","CONTRIBUTES_WEIGHT_TO"
"288","281","18","CONTRIBUTES_WEIGHT_TO"
"289","282","18","CONTRIBUTES_WEIGHT_TO"
"290","283","18","CONTRIBUTES_WEIGHT_TO"
"291","284","18","CONTRIBUTES_WEIGHT_TO"
"292","285","18","CONTRIBUTES_WEIGHT_TO"
"293","286","18","CONTRIBUTES_WEIGHT_TO"
"294","287","18","CONTRIBUTES_WEIGHT_TO"
"295","288","18","CONTRIBUTES_WEIGHT_TO"
"296","289","18","CONTRIBUTES_WEIGHT_TO"
"297","290","18","CONTRIBUTES_WEIGHT_TO"
"298","291","18","CONTRIBUTES_WEIGHT_TO"
"299","292","18","CONTRIBUTES_WEIGHT_TO"
"300","293","18","CONTRIBUTES_WEIGHT_TO"
"301","294","18","CONTRIBUTES_WEIGHT_TO"
"302","295","18","CONTRIBUTES_WEIGHT_TO"
"303","296","18","CONTRIBUTES_WEIGHT_TO"
"304","297","18","CONTRIBUTES_WEIGHT_TO"
"305","298","18","CONTRIBUTES_WEIGHT_TO"
"306","299","18","CONTRIBUTES_WEIGHT_TO"
"307","300","18","CONTRIBUTES_WEIGHT_TO"
"308","301","18","CONTRIBUTES_WEIGHT_TO"
"309","302","18","CONTRIBUTES_WEIGHT_TO"
"310","303","18","CONTRIBUTES_WEIGHT_TO"
"311","304","18","CONTRIBUTES_WEIGHT_TO"
"312","305","18","CONTRIBUTES_WEIGHT_TO"
"313","306","18","CONTRIBUTES_WEIGHT_TO"
"314","307","18","CONTRIBUTES_WEIGHT_TO"
"315","308","18","CONTRIBUTES_WEIGHT_TO"
"316","309","18","CONTRIBUTES_WEIGHT_TO"
"317","310","18","CONTRIBUTES_WEIGHT_TO"
"318","311","18","CONTRIBUTES_WEIGHT_TO"
"319","312","18","CONTRIBUTES_WEIGHT_TO"
"320","313","18","CONTRIBUTES_WEIGHT_TO"
"321","314","18","CONTRIBUTES_WEIGHT_TO"
"322","315","18","CONTRIBUTES_WEIGHT_TO"
"323","316","18","CONTRIBUTES_WEIGHT_TO"
"324","317","18","CONTRIBUTES_WEIGHT_TO"
"325","318","18","CONTRIBUTES_WEIGHT_TO"
"326","319","18","CONTRIBUTES_WEIGHT_TO"
"327","320","18","CONTRIBUTES_WEIGHT_TO"
"328","321","18","CONTRIBUTES_WEIGHT_TO"
"329","322","18","CONTRIBUTES_WEIGHT_TO"
"330","323","18","CONTRIBUTES_WEIGHT_TO"
"331","324","18","CONTRIBUTES_WEIGHT_TO"
"332","325","18","CONTRIBUTES_WEIGHT_TO"
"333","326","18","CONTRIBUTES_WEIGHT_TO"
"334","327","18","CONTRIBUTES_WEIGHT_TO"
"335","328","18","CONTRIBUTES_WEIGHT_TO"
"336","329","18","CONTRIBUTES_WEIGHT_TO"
"337","330","18","CONTRIBUTES_WEIGHT_TO"
"338","331","18","CONTRIBUTES_WEIGHT_TO"
"339","332","18","CONTRIBUTES_WEIGHT_TO"
"340","333","18","CONTRIBUTES_WEIGHT_TO"
"341","334","18","CONTRIBUTES_WEIGHT_TO"
"342","335","18","CONTRIBUTES_WEIGHT_TO"
"343","336","18","CONTRIBUTES_WEIGHT_TO"
"344","337","18","CONTRIBUTES_WEIGHT_TO"
"345","338","18","CONTRIBUTES_WEIGHT_TO"
"346","339","18","CONTRIBUTES_WEIGHT_TO"
"347","340","18","CONTRIBUTES_WEIGHT_TO"
"348","341","18","CONTRIBUTES_WEIGHT_TO"
"349","342","18","CONTRIBUTES_WEIGHT_TO"
"350","343","18","CONTRIBUTES_WEIGHT_TO"
"351","344","18","CONTRIBUTES_WEIGHT_TO"
"352","345","18","CONTRIBUTES_WEIGHT_TO"
"353","346","18","CONTRIBUTES_WEIGHT_TO"
"354","347","18","CONTRIBUTES_WEIGHT_TO"
"355","348","18","CONTRIBUTES_WEIGHT_TO"
"356","349","18","CONTRIBUTES_WEIGHT_TO"
"357","350","18","CONTRIBUTES_WEIGHT_TO"
"358","351","18","CONTRIBUTES_WEIGHT_TO"
"359","352","18","CONTRIBUTES_WEIGHT_TO"
"360","353","18","CONTRIBUTES_WEIGHT_TO"
"361","354","18","CONTRIBUTES_WEIGHT_TO"
"362","355","18","CONTRIBUTES_WEIGHT_TO"
"363","356","18","CONTRIBUTES_WEIGHT_TO"
"364","357","18","CONTRIBUTES_WEIGHT_TO"
"365","358","18","CONTRIBUTES_WEIGHT_TO"
"366","359","18","CONTRIBUTES_WEIGHT_TO"
"367","360","18","CONTRIBUTES_WEIGHT_TO"
"368","361","18","CONTRIBUTES_WEIGHT_TO"
"369","362","18","CONTRIBUTES_WEIGHT_TO"
"370","363","18","CONTRIBUTES_WEIGHT_TO"
"371","364","18","CONTRIBUTES_WEIGHT_TO"
"372","365","18","CONTRIBUTES_WEIGHT_TO"
"373","366","18","CONTRIBUTES_WEIGHT_TO"
"374","367","18","CONTRIBUTES_WEIGHT_TO"
"375","368","18","CONTRIBUTES_WEIGHT_TO"
"376","369","18","CONTRIBUTES_WEIGHT_TO"
"377","370","18","CONTRIBUTES_WEIGHT_TO"
"378","371","18","CONTRIBUTES_WEIGHT_TO"
"379","372","18","CONTRIBUTES_WEIGHT_TO"
"380","373","18","CONTRIBUTES_WEIGHT_TO"
"381","374","18","CONTRIBUTES_WEIGHT_TO"
"382","375","18","CONTRIBUTES_WEIGHT_TO"
"383","376","18","CONTRIBUTES_WEIGHT_TO"
"384","377","18","CONTRIBUTES_WEIGHT_TO"
"385","378","18","CONTRIBUTES_WEIGHT_TO"
"386","379","18","CONTRIBUTES_WEIGHT_TO"
"387","380","18","CONTRIBUTES_WEIGHT_TO"
"388","381","18","CONTRIBUTES_WEIGHT_TO"
"389","382","18","CONTRIBUTES_WEIGHT_TO"
"390","383","18","CONTRIBUTES_WEIGHT_TO"
"391","384","18","CONTRIBUTES_WEIGHT_TO"
"392","385","18","CONTRIBUTES_WEIGHT_TO"
"393","386","18","CONTRIBUTES_WEIGHT_TO"
"394","387","18","CONTRIBUTES_WEIGHT_TO"
"395","388","18","CONTRIBUTES_WEIGHT_TO"
"396","389","18","CONTRIBUTES_WEIGHT_TO"
"397","390","18","CONTRIBUTES_WEIGHT_TO"
"398","391","18","CONTRIBUTES_WEIGHT_TO"
"399","392","18","CONTRIBUTES_WEIGHT_TO"
"400","393","18","CONTRIBUTES_WEIGHT_TO"
"401","394","18","CONTRIBUTES_WEIGHT_TO"
"402","395","18","CONTRIBUTES_WEIGHT_TO"
"403","396","18","CONTRIBUTES_WEIGHT_TO"
"404","397","18","CONTRIBUTES_WEIGHT_TO"
"405","398","18","CONTRIBUTES_WEIGHT_TO"
"406","399","18","CONTRIBUTES_WEIGHT_TO"
"407","400","18","CONTRIBUTES_WEIGHT_TO"
"408","401","18","CONTRIBUTES_WEIGHT_TO"
"409","402","18","CONTRIBUTES_WEIGHT_TO"
"410","403","18","CONTRIBUTES_WEIGHT_TO"
"411","404","18","CONTRIBUTES_WEIGHT_TO"
"412","405","18","CONTRIBUTES_WEIGHT_TO"
"413","406","18","CONTRIBUTES_WEIGHT_TO"
"414","407","18","CONTRIBUTES_WEIGHT_TO"
"415","408","18","CONTRIBUTES_WEIGHT_TO"
"416","409","18","CONTRIBUTES_WEIGHT_TO"
"417","410","18","CONTRIBUTES_WEIGHT_TO"
"418","411","18","CONTRIBUTES_WEIGHT_TO"
"419","412","18","CONTRIBUTES_WEIGHT_TO"
"420","413","18","CONTRIBUTES_WEIGHT_TO"
"421","414","18","CONTRIBUTES_WEIGHT_TO"
"422","415","18","CONTRIBUTES_WEIGHT_TO"
"423","416","18","CONTRIBUTES_WEIGHT_TO"
"424","417","18","CONTRIBUTES_WEIGHT_TO"
"425","418","18","CONTRIBUTES_WEIGHT_TO"
"426","419","18","CONTRIBUTES_WEIGHT_TO"
"427","420","18","CONTRIBUTES_WEIGHT_TO"
"428","421","18","CONTRIBUTES_WEIGHT_TO"
"429","422","12","CONTRIBUTES_WEIGHT_TO"
"430","423","12","CONTRIBUTES_WEIGHT_TO"
"431","424","12","CONTRIBUTES_WEIGHT_TO"
"432","425","12","CONTRIBUTES_WEIGHT_TO"
"433","426","12","CONTRIBUTES_WEIGHT_TO"
"434","427","12","CONTRIBUTES_WEIGHT_TO"
"435","428","12","CONTRIBUTES_WEIGHT_TO"
"436","429","12","CONTRIBUTES_WEIGHT_TO"
"437","430","12","CONTRIBUTES_WEIGHT_TO"
"438","431","12","CONTRIBUTES_WEIGHT_TO"
"439","432","12","CONTRIBUTES_WEIGHT_TO"
"440","433","12","CONTRIBUTES_WEIGHT_TO"
"441","434","12","CONTRIBUTES_WEIGHT_TO"
"442","435","12","CONTRIBUTES_WEIGHT_TO"
"443","436","12","CONTRIBUTES_WEIGHT_TO"
"444","437","12","CONTRIBUTES_WEIGHT_TO"
"445","438","12","CONTRIBUTES_WEIGHT_TO"
"446","439","12","CONTRIBUTES_WEIGHT_TO"
"447","440","12","CONTRIBUTES_WEIGHT_TO"
"448","441","12","CONTRIBUTES_WEIGHT_TO"
"449","442","12","CONTRIBUTES_WEIGHT_TO"
"450","443","12","CONTRIBUTES_WEIGHT_TO"
"451","444","12","CONTRIBUTES_WEIGHT_TO"
"452","445","12","CONTRIBUTES_WEIGHT_TO"
"453","446","12","CONTRIBUTES_WEIGHT_TO"
"454","447","12","CONTRIBUTES_WEIGHT_TO"
"455","448","12","CONTRIBUTES_WEIGHT_TO"
"456","449","12","CONTRIBUTES_WEIGHT_TO"
"457","450","12","CONTRIBUTES_WEIGHT_TO"
"458","451","12","CONTRIBUTES_WEIGHT_TO"
"459","452","12","CONTRIBUTES_WEIGHT_TO"
"460","453","12","CONTRIBUTES_WEIGHT_TO"
"461","454","12","CONTRIBUTES_WEIGHT_TO"
"462","455","12","CONTRIBUTES_WEIGHT_TO"
"463","456","12","CONTRIBUTES_WEIGHT_TO"
"464","457","12","CONTRIBUTES_WEIGHT_TO"
"465","458","12","CONTRIBUTES_WEIGHT_TO"
"466","459","12","CONTRIBUTES_WEIGHT_TO"
"467","460","12","CONTRIBUTES_WEIGHT_TO"
"468","461","12","CONTRIBUTES_WEIGHT_TO"
"469","462","12","CONTRIBUTES_WEIGHT_TO"
"470","463","12","CONTRIBUTES_WEIGHT_TO"
"519","512","20","CONTRIBUTES_WEIGHT_TO"
"543","536","20","CONTRIBUTES_WEIGHT_TO"
"544","537","20","CONTRIBUTES_WEIGHT_TO"
"545","538","20","CONTRIBUTES_WEIGHT_TO"
"546","539","20","CONTRIBUTES_WEIGHT_TO"
"547","540","20","CONTRIBUTES_WEIGHT_TO"
"548","541","20","CONTRIBUTES_WEIGHT_TO"
"549","542","20","CONTRIBUTES_WEIGHT_TO"
"550","543","20","CONTRIBUTES_WEIGHT_TO"
"551","544","20","CONTRIBUTES_WEIGHT_TO"
"552","545","20","CONTRIBUTES_WEIGHT_TO"
"553","546","20","CONTRIBUTES_WEIGHT_TO"
"554","547","20","CONTRIBUTES_WEIGHT_TO"
"555","548","20","CONTRIBUTES_WEIGHT_TO"
"556","549","20","CONTRIBUTES_WEIGHT_TO"
"557","550","20","CONTRIBUTES_WEIGHT_TO"
"558","551","20","CONTRIBUTES_WEIGHT_TO"
"559","552","20","CONTRIBUTES_WEIGHT_TO"
"560","553","20","CONTRIBUTES_WEIGHT_TO"
"561","554","20","CONTRIBUTES_WEIGHT_TO"
"562","555","20","CONTRIBUTES_WEIGHT_TO"
"563","556","20","CONTRIBUTES_WEIGHT_TO"
"564","557","20","CONTRIBUTES_WEIGHT_TO"
"565","558","20","CONTRIBUTES_WEIGHT_TO"
"566","559","20","CONTRIBUTES_WEIGHT_TO"
"567","560","20","CONTRIBUTES_WEIGHT_TO"
"568","561","20","CONTRIBUTES_WEIGHT_TO"
"569","562","20","CONTRIBUTES_WEIGHT_TO"
"570","563","20","CONTRIBUTES_WEIGHT_TO"
"571","564","20","CONTRIBUTES_WEIGHT_TO"
"572","565","20","CONTRIBUTES_WEIGHT_TO"
"573","566","20","CONTRIBUTES_WEIGHT_TO"
"574","567","20","CONTRIBUTES_WEIGHT_TO"
"575","568","20","CONTRIBUTES_WEIGHT_TO"
"576","569","20","CONTRIBUTES_WEIGHT_TO"
"577","570","20","CONTRIBUTES_WEIGHT_TO"
"578","571","20","CONTRIBUTES_WEIGHT_TO"
"579","572","20","CONTRIBUTES_WEIGHT_TO"
"580","573","20","CONTRIBUTES_WEIGHT_TO"
"581","574","20","CONTRIBUTES_WEIGHT_TO"
"582","575","20","CONTRIBUTES_WEIGHT_TO"
"583","576","20","CONTRIBUTES_WEIGHT_TO"
"584","577","20","CONTRIBUTES_WEIGHT_TO"
"585","578","20","CONTRIBUTES_WEIGHT_TO"
"586","579","20","CONTRIBUTES_WEIGHT_TO"
"587","580","20","CONTRIBUTES_WEIGHT_TO"
"588","581","20","CONTRIBUTES_WEIGHT_TO"
"589","582","20","CONTRIBUTES_WEIGHT_TO"
"590","583","20","CONTRIBUTES_WEIGHT_TO"
"591","584","20","CONTRIBUTES_WEIGHT_TO"
"592","585","20","CONTRIBUTES_WEIGHT_TO"
"593","586","20","CONTRIBUTES_WEIGHT_TO"
"594","587","20","CONTRIBUTES_WEIGHT_TO"
"595","588","20","CONTRIBUTES_WEIGHT_TO"
"596","589","20","CONTRIBUTES_WEIGHT_TO"
"597","590","20","CONTRIBUTES_WEIGHT_TO"
"598","591","20","CONTRIBUTES_WEIGHT_TO"
"599","592","20","CONTRIBUTES_WEIGHT_TO"
"600","593","20","CONTRIBUTES_WEIGHT_TO"
"601","594","20","CONTRIBUTES_WEIGHT_TO"
"602","595","20","CONTRIBUTES_WEIGHT_TO"
"603","596","20","CONTRIBUTES_WEIGHT_TO"
"604","597","20","CONTRIBUTES_WEIGHT_TO"
"605","598","20","CONTRIBUTES_WEIGHT_TO"
"606","599","20","CONTRIBUTES_WEIGHT_TO"
"607","600","20","CONTRIBUTES_WEIGHT_TO"
"608","601","20","CONTRIBUTES_WEIGHT_TO"
"609","602","20","CONTRIBUTES_WEIGHT_TO"
"610","603","20","CONTRIBUTES_WEIGHT_TO"
"611","604","20","CONTRIBUTES_WEIGHT_TO"
"612","605","20","CONTRIBUTES_WEIGHT_TO"
"613","606","20","CONTRIBUTES_WEIGHT_TO"
"614","607","20","CONTRIBUTES_WEIGHT_TO"
"615","608","20","CONTRIBUTES_WEIGHT_TO"
"616","609","20","CONTRIBUTES_WEIGHT_TO"
"617","610","20","CONTRIBUTES_WEIGHT_TO"
"618","611","20","CONTRIBUTES_WEIGHT_TO"
"619","612","20","CONTRIBUTES_WEIGHT_TO"
"620","613","20","CONTRIBUTES_WEIGHT_TO"
"621","614","20","CONTRIBUTES_WEIGHT_TO"
"622","615","20","CONTRIBUTES_WEIGHT_TO"
"623","616","20","CONTRIBUTES_WEIGHT_TO"
"624","617","20","CONTRIBUTES_WEIGHT_TO"
"625","618","20","CONTRIBUTES_WEIGHT_TO"
"626","619","20","CONTRIBUTES_WEIGHT_TO"
"627","620","20","CONTRIBUTES_WEIGHT_TO"
"628","621","20","CONTRIBUTES_WEIGHT_TO"
"629","622","20","CONTRIBUTES_WEIGHT_TO"
"630","623","20","CONTRIBUTES_WEIGHT_TO"
"631","624","20","CONTRIBUTES_WEIGHT_TO"
"632","625","20","CONTRIBUTES_WEIGHT_TO"
"633","626","20","CONTRIBUTES_WEIGHT_TO"
"634","627","20","CONTRIBUTES_WEIGHT_TO"
"635","628","20","CONTRIBUTES_WEIGHT_TO"
"636","629","20","CONTRIBUTES_WEIGHT_TO"
"637","630","20","CONTRIBUTES_WEIGHT_TO"
"638","631","20","CONTRIBUTES_WEIGHT_TO"
"639","632","20","CONTRIBUTES_WEIGHT_TO"
"640","633","20","CONTRIBUTES_WEIGHT_TO"
"641","634","20","CONTRIBUTES_WEIGHT_TO"
"642","635","20","CONTRIBUTES_WEIGHT_TO"
"643","636","20","CONTRIBUTES_WEIGHT_TO"
"644","637","20","CONTRIBUTES_WEIGHT_TO"
"645","638","20","CONTRIBUTES_WEIGHT_TO"
"646","639","20","CONTRIBUTES_WEIGHT_TO"
"647","640","20","CONTRIBUTES_WEIGHT_TO"
"648","641","20","CONTRIBUTES_WEIGHT_TO"
"649","642","20","CONTRIBUTES_WEIGHT_TO"
"650","643","20","CONTRIBUTES_WEIGHT_TO"
"651","644","20","CONTRIBUTES_WEIGHT_TO"
"652","645","20","CONTRIBUTES_WEIGHT_TO"
"653","646","20","CONTRIBUTES_WEIGHT_TO"
"654","647","20","CONTRIBUTES_WEIGHT_TO"
"655","648","20","CONTRIBUTES_WEIGHT_TO"
"656","649","20","CONTRIBUTES_WEIGHT_TO"
"657","650","20","CONTRIBUTES_WEIGHT_TO"
"658","651","20","CONTRIBUTES_WEIGHT_TO"
"659","652","20","CONTRIBUTES_WEIGHT_TO"
"660","653","20","CONTRIBUTES_WEIGHT_TO"
"661","654","20","CONTRIBUTES_WEIGHT_TO"
"662","655","20","CONTRIBUTES_WEIGHT_TO"
"663","656","20","CONTRIBUTES_WEIGHT_TO"
"664","657","20","CONTRIBUTES_WEIGHT_TO"
"665","658","20","CONTRIBUTES_WEIGHT_TO"
"666","659","20","CONTRIBUTES_WEIGHT_TO"
"667","660","20","CONTRIBUTES_WEIGHT_TO"
"668","661","20","CONTRIBUTES_WEIGHT_TO"
"669","662","20","CONTRIBUTES_WEIGHT_TO"
"670","663","20","CONTRIBUTES_WEIGHT_TO"
"671","664","20","CONTRIBUTES_WEIGHT_TO"
"672","665","20","CONTRIBUTES_WEIGHT_TO"
"673","666","20","CONTRIBUTES_WEIGHT_TO"
"674","667","20","CONTRIBUTES_WEIGHT_TO"
"675","668","20","CONTRIBUTES_WEIGHT_TO"
"676","669","20","CONTRIBUTES_WEIGHT_TO"
"677","670","20","CONTRIBUTES_WEIGHT_TO"
"678","671","20","CONTRIBUTES_WEIGHT_TO"
"679","672","20","CONTRIBUTES_WEIGHT_TO"
"680","673","20","CONTRIBUTES_WEIGHT_TO"
"681","674","20","CONTRIBUTES_WEIGHT_TO"
"682","675","20","CONTRIBUTES_WEIGHT_TO"
"683","676","20","CONTRIBUTES_WEIGHT_TO"
"684","677","20","CONTRIBUTES_WEIGHT_TO"
"685","678","20","CONTRIBUTES_WEIGHT_TO"
"686","679","20","CONTRIBUTES_WEIGHT_TO"
"687","680","20","CONTRIBUTES_WEIGHT_TO"
"688","681","20","CONTRIBUTES_WEIGHT_TO"
"689","682","20","CONTRIBUTES_WEIGHT_TO"
"690","683","20","CONTRIBUTES_WEIGHT_TO"
"691","684","20","CONTRIBUTES_WEIGHT_TO"
"692","685","20","CONTRIBUTES_WEIGHT_TO"
"693","686","20","CONTRIBUTES_WEIGHT_TO"
"694","687","20","CONTRIBUTES_WEIGHT_TO"
"695","688","20","CONTRIBUTES_WEIGHT_TO"
"696","689","20","CONTRIBUTES_WEIGHT_TO"
"697","690","20","CONTRIBUTES_WEIGHT_TO"
"698","691","20","CONTRIBUTES_WEIGHT_TO"
"699","692","20","CONTRIBUTES_WEIGHT_TO"
"700","693","20","CONTRIBUTES_WEIGHT_TO"
"701","694","20","CONTRIBUTES_WEIGHT_TO"
"702","695","20","CONTRIBUTES_WEIGHT_TO"
"703","696","20","CONTRIBUTES_WEIGHT_TO"
"704","697","20","CONTRIBUTES_WEIGHT_TO"
"705","698","20","CONTRIBUTES_WEIGHT_TO"
"706","699","20","CONTRIBUTES_WEIGHT_TO"
"707","700","20","CONTRIBUTES_WEIGHT_TO"
"708","701","20","CONTRIBUTES_WEIGHT_TO"
"709","702","20","CONTRIBUTES_WEIGHT_TO"
"710","703","20","CONTRIBUTES_WEIGHT_TO"
"711","704","20","CONTRIBUTES_WEIGHT_TO"
"712","705","20","CONTRIBUTES_WEIGHT_TO"
"713","706","20","CONTRIBUTES_WEIGHT_TO"
"714","707","20","CONTRIBUTES_WEIGHT_TO"
"715","708","20","CONTRIBUTES_WEIGHT_TO"
"716","709","20","CONTRIBUTES_WEIGHT_TO"
"717","710","20","CONTRIBUTES_WEIGHT_TO"
"718","711","20","CONTRIBUTES_WEIGHT_TO"
"719","712","20","CONTRIBUTES_WEIGHT_TO"
"720","713","20","CONTRIBUTES_WEIGHT_TO"
"721","714","20","CONTRIBUTES_WEIGHT_TO"
"722","715","20","CONTRIBUTES_WEIGHT_TO"
"723","716","20","CONTRIBUTES_WEIGHT_TO"
"724","717","20","CONTRIBUTES_WEIGHT_TO"
"725","718","20","CONTRIBUTES_WEIGHT_TO"
"726","719","20","CONTRIBUTES_WEIGHT_TO"
"727","720","20","CONTRIBUTES_WEIGHT_TO"
"728","721","20","CONTRIBUTES_WEIGHT_TO"
"729","722","20","CONTRIBUTES_WEIGHT_TO"
"730","723","20","CONTRIBUTES_WEIGHT_TO"
"731","724","20","CONTRIBUTES_WEIGHT_TO"
"732","725","20","CONTRIBUTES_WEIGHT_TO"
"733","726","20","CONTRIBUTES_WEIGHT_TO"
"734","727","20","CONTRIBUTES_WEIGHT_TO"
"735","728","20","CONTRIBUTES_WEIGHT_TO"
"736","729","20","CONTRIBUTES_WEIGHT_TO"
"737","730","20","CONTRIBUTES_WEIGHT_TO"
"738","731","20","CONTRIBUTES_WEIGHT_TO"
"739","732","20","CONTRIBUTES_WEIGHT_TO"
"740","733","20","CONTRIBUTES_WEIGHT_TO"
"741","734","20","CONTRIBUTES_WEIGHT_TO"
"742","735","20","CONTRIBUTES_WEIGHT_TO"
"743","736","20","CONTRIBUTES_WEIGHT_TO"
"744","737","20","CONTRIBUTES_WEIGHT_TO"
"745","738","20","CONTRIBUTES_WEIGHT_TO"
"746","739","20","CONTRIBUTES_WEIGHT_TO"
"747","740","20","CONTRIBUTES_WEIGHT_TO"
"748","741","20","CONTRIBUTES_WEIGHT_TO"
"749","742","20","CONTRIBUTES_WEIGHT_TO"
"750","743","20","CONTRIBUTES_WEIGHT_TO"
"751","744","20","CONTRIBUTES_WEIGHT_TO"
"752","745","20","CONTRIBUTES_WEIGHT_TO"
"753","746","20","CONTRIBUTES_WEIGHT_TO"
"754","747","20","CONTRIBUTES_WEIGHT_TO"
"755","748","20","CONTRIBUTES_WEIGHT_TO"
"756","749","20","CONTRIBUTES_WEIGHT_TO"
"757","750","20","CONTRIBUTES_WEIGHT_TO"
"758","751","20","CONTRIBUTES_WEIGHT_TO"
"759","752","20","CONTRIBUTES_WEIGHT_TO"
"760","753","20","CONTRIBUTES_WEIGHT_TO"
"761","754","20","CONTRIBUTES_WEIGHT_TO"
"762","755","20","CONTRIBUTES_WEIGHT_TO"
"763","756","20","CONTRIBUTES_WEIGHT_TO"
"764","757","20","CONTRIBUTES_WEIGHT_TO"
"765","758","20","CONTRIBUTES_WEIGHT_TO"
"766","759","20","CONTRIBUTES_WEIGHT_TO"
"767","760","20","CONTRIBUTES_WEIGHT_TO"
"768","761","20","CONTRIBUTES_WEIGHT_TO"
"769","762","20","CONTRIBUTES_WEIGHT_TO"
"770","763","20","CONTRIBUTES_WEIGHT_TO"
"771","764","20","CONTRIBUTES_WEIGHT_TO"
"772","765","20","CONTRIBUTES_WEIGHT_TO"
"773","766","20","CONTRIBUTES_WEIGHT_TO"
"774","767","20","CONTRIBUTES_WEIGHT_TO"
"775","768","20","CONTRIBUTES_WEIGHT_TO"
"776","769","20","CONTRIBUTES_WEIGHT_TO"
"777","770","20","CONTRIBUTES_WEIGHT_TO"
"778","771","20","CONTRIBUTES_WEIGHT_TO"
"779","772","20","CONTRIBUTES_WEIGHT_TO"
"780","773","20","CONTRIBUTES_WEIGHT_TO"
"781","774","20","CONTRIBUTES_WEIGHT_TO"
"782","775","20","CONTRIBUTES_WEIGHT_TO"
"783","776","20","CONTRIBUTES_WEIGHT_TO"
"784","777","20","CONTRIBUTES_WEIGHT_TO"
"785","778","20","CONTRIBUTES_WEIGHT_TO"
"786","779","20","CONTRIBUTES_WEIGHT_TO"
"787","780","20","CONTRIBUTES_WEIGHT_TO"
"788","781","20","CONTRIBUTES_WEIGHT_TO"
"789","782","20","CONTRIBUTES_WEIGHT_TO"
"790","783","20","CONTRIBUTES_WEIGHT_TO"
"791","784","20","CONTRIBUTES_WEIGHT_TO"
"792","785","20","CONTRIBUTES_WEIGHT_TO"
"793","786","20","CONTRIBUTES_WEIGHT_TO"
"794","787","20","CONTRIBUTES_WEIGHT_TO"
"795","788","20","CONTRIBUTES_WEIGHT_TO"
"796","789","20","CONTRIBUTES_WEIGHT_TO"
"797","790","20","CONTRIBUTES_WEIGHT_TO"
"798","791","20","CONTRIBUTES_WEIGHT_TO"
"799","792","20","CONTRIBUTES_WEIGHT_TO"
"800","793","20","CONTRIBUTES_WEIGHT_TO"
"801","794","20","CONTRIBUTES_WEIGHT_TO"
"802","795","20","CONTRIBUTES_WEIGHT_TO"
"803","796","20","CONTRIBUTES_WEIGHT_TO"
"804","797","20","CONTRIBUTES_WEIGHT_TO"
"805","798","20","CONTRIBUTES_WEIGHT_TO"
"806","799","20","CONTRIBUTES_WEIGHT_TO"
"807","800","20","CONTRIBUTES_WEIGHT_TO"
"808","801","20","CONTRIBUTES_WEIGHT_TO"
"809","802","20","CONTRIBUTES_WEIGHT_TO"
"810","803","20","CONTRIBUTES_WEIGHT_TO"
"811","804","20","CONTRIBUTES_WEIGHT_TO"
"812","805","20","CONTRIBUTES_WEIGHT_TO"
"813","806","20","CONTRIBUTES_WEIGHT_TO"
"814","807","20","CONTRIBUTES_WEIGHT_TO"
"815","808","20","CONTRIBUTES_WEIGHT_TO"
"816","809","20","CONTRIBUTES_WEIGHT_TO"
"817","810","20","CONTRIBUTES_WEIGHT_TO"
"818","811","20","CONTRIBUTES_WEIGHT_TO"
"819","812","20","CONTRIBUTES_WEIGHT_TO"
"820","813","20","CONTRIBUTES_WEIGHT_TO"
"821","814","20","CONTRIBUTES_WEIGHT_TO"
"822","815","20","CONTRIBUTES_WEIGHT_TO"
"823","816","20","CONTRIBUTES_WEIGHT_TO"
"824","817","20","CONTRIBUTES_WEIGHT_TO"
"825","818","20","CONTRIBUTES_WEIGHT_TO"
"826","819","20","CONTRIBUTES_WEIGHT_TO"
"827","820","20","CONTRIBUTES_WEIGHT_TO"
"828","821","20","CONTRIBUTES_WEIGHT_TO"
"829","822","20","CONTRIBUTES_WEIGHT_TO"
"830","823","20","CONTRIBUTES_WEIGHT_TO"
"831","824","20","CONTRIBUTES_WEIGHT_TO"
"832","825","20","CONTRIBUTES_WEIGHT_TO"
"833","826","20","CONTRIBUTES_WEIGHT_TO"
"834","827","20","CONTRIBUTES_WEIGHT_TO"
"835","828","20","CONTRIBUTES_WEIGHT_TO"
"836","829","20","CONTRIBUTES_WEIGHT_TO"
"837","830","20","CONTRIBUTES_WEIGHT_TO"
"838","831","20","CONTRIBUTES_WEIGHT_TO"
"839","832","20","CONTRIBUTES_WEIGHT_TO"
"840","833","20","CONTRIBUTES_WEIGHT_TO"
"841","834","20","CONTRIBUTES_WEIGHT_TO"
"842","835","20","CONTRIBUTES_WEIGHT_TO"
"843","836","20","CONTRIBUTES_WEIGHT_TO"
"844","837","20","CONTRIBUTES_WEIGHT_TO"
"845","838","20","CONTRIBUTES_WEIGHT_TO"
"846","839","20","CONTRIBUTES_WEIGHT_TO"
"847","840","20","CONTRIBUTES_WEIGHT_TO"
"848","841","20","CONTRIBUTES_WEIGHT_TO"
"849","842","20","CONTRIBUTES_WEIGHT_TO"
"850","843","20","CONTRIBUTES_WEIGHT_TO"
"851","844","20","CONTRIBUTES_WEIGHT_TO"
"852","845","20","CONTRIBUTES_WEIGHT_TO"
"853","846","20","CONTRIBUTES_WEIGHT_TO"
"854","847","20","CONTRIBUTES_WEIGHT_TO"
"855","848","20","CONTRIBUTES_WEIGHT_TO"
"856","849","20","CONTRIBUTES_WEIGHT_TO"
"857","850","20","CONTRIBUTES_WEIGHT_TO"
"858","851","20","CONTRIBUTES_WEIGHT_TO"
"859","852","20","CONTRIBUTES_WEIGHT_TO"
"860","853","20","CONTRIBUTES_WEIGHT_TO"
"861","854","20","CONTRIBUTES_WEIGHT_TO"
"862","855","20","CONTRIBUTES_WEIGHT_TO"
"863","856","20","CONTRIBUTES_WEIGHT_TO"
"864","857","20","CONTRIBUTES_WEIGHT_TO"
"865","858","20","CONTRIBUTES_WEIGHT_TO"
"866","859","20","CONTRIBUTES_WEIGHT_TO"
"867","860","20","CONTRIBUTES_WEIGHT_TO"
"868","861","20","CONTRIBUTES_WEIGHT_TO"
"869","862","20","CONTRIBUTES_WEIGHT_TO"
"870","863","20","CONTRIBUTES_WEIGHT_TO"
"871","864","20","CONTRIBUTES_WEIGHT_TO"
"872","865","20","CONTRIBUTES_WEIGHT_TO"
"873","866","20","CONTRIBUTES_WEIGHT_TO"
"874","867","20","CONTRIBUTES_WEIGHT_TO"
"875","868","20","CONTRIBUTES_WEIGHT_TO"
"876","869","20","CONTRIBUTES_WEIGHT_TO"
"877","870","20","CONTRIBUTES_WEIGHT_TO"
"878","871","20","CONTRIBUTES_WEIGHT_TO"
"879","872","20","CONTRIBUTES_WEIGHT_TO"
"880","873","20","CONTRIBUTES_WEIGHT_TO"
"881","874","20","CONTRIBUTES_WEIGHT_TO"
"882","875","20","CONTRIBUTES_WEIGHT_TO"
"883","876","20","CONTRIBUTES_WEIGHT_TO"
"884","877","20","CONTRIBUTES_WEIGHT_TO"
"885","878","20","CONTRIBUTES_WEIGHT_TO"
"886","879","20","CONTRIBUTES_WEIGHT_TO"
"887","880","20","CONTRIBUTES_WEIGHT_TO"
"888","881","20","CONTRIBUTES_WEIGHT_TO"
"889","882","20","CONTRIBUTES_WEIGHT_TO"
"890","883","20","CONTRIBUTES_WEIGHT_TO"
"891","884","20","CONTRIBUTES_WEIGHT_TO"
"892","885","20","CONTRIBUTES_WEIGHT_TO"
"893","886","20","CONTRIBUTES_WEIGHT_TO"
"894","887","20","CONTRIBUTES_WEIGHT_TO"
"895","888","20","CONTRIBUTES_WEIGHT_TO"
"896","889","20","CONTRIBUTES_WEIGHT_TO"
"897","890","20","CONTRIBUTES_WEIGHT_TO"
"898","891","20","CONTRIBUTES_WEIGHT_TO"
"899","892","20","CONTRIBUTES_WEIGHT_TO"
"900","893","20","CONTRIBUTES_WEIGHT_TO"
"901","894","20","CONTRIBUTES_WEIGHT_TO"
"902","895","20","CONTRIBUTES_WEIGHT_TO"
"903","896","20","CONTRIBUTES_WEIGHT_TO"
"904","897","20","CONTRIBUTES_WEIGHT_TO"
"905","898","20","CONTRIBUTES_WEIGHT_TO"
"906","899","20","CONTRIBUTES_WEIGHT_TO"
"907","900","20","CONTRIBUTES_WEIGHT_TO"
"908","901","20","CONTRIBUTES_WEIGHT_TO"
"909","902","20","CONTRIBUTES_WEIGHT_TO"
"910","903","20","CONTRIBUTES_WEIGHT_TO"
"911","904","20","CONTRIBUTES_WEIGHT_TO"
"912","905","20","CONTRIBUTES_WEIGHT_TO"
"913","906","20","CONTRIBUTES_WEIGHT_TO"
"914","907","20","CONTRIBUTES_WEIGHT_TO"
"915","908","20","CONTRIBUTES_WEIGHT_TO"
"916","909","20","CONTRIBUTES_WEIGHT_TO"
"917","910","20","CONTRIBUTES_WEIGHT_TO"
"918","911","20","CONTRIBUTES_WEIGHT_TO"
"919","912","20","CONTRIBUTES_WEIGHT_TO"
"920","913","20","CONTRIBUTES_WEIGHT_TO"
"921","914","20","CONTRIBUTES_WEIGHT_TO"
"922","915","20","CONTRIBUTES_WEIGHT_TO"
"923","916","20","CONTRIBUTES_WEIGHT_TO"
"924","917","20","CONTRIBUTES_WEIGHT_TO"
"925","918","20","CONTRIBUTES_WEIGHT_TO"
"926","919","20","CONTRIBUTES_WEIGHT_TO"
"927","920","20","CONTRIBUTES_WEIGHT_TO"
"928","921","20","CONTRIBUTES_WEIGHT_TO"
"929","922","20","CONTRIBUTES_WEIGHT_TO"
"930","923","20","CONTRIBUTES_WEIGHT_TO"
"931","924","20","CONTRIBUTES_WEIGHT_TO"
"932","925","20","CONTRIBUTES_WEIGHT_TO"
"933","926","20","CONTRIBUTES_WEIGHT_TO"
"934","927","20","CONTRIBUTES_WEIGHT_TO"
"935","928","20","CONTRIBUTES_WEIGHT_TO"
"936","929","20","CONTRIBUTES_WEIGHT_TO"
"937","930","20","CONTRIBUTES_WEIGHT_TO"
"938","931","20","CONTRIBUTES_WEIGHT_TO"
"939","932","20","CONTRIBUTES_WEIGHT_TO"
"940","933","20","CONTRIBUTES_WEIGHT_TO"
"941","934","20","CONTRIBUTES_WEIGHT_TO"
"942","935","20","CONTRIBUTES_WEIGHT_TO"
"943","936","20","CONTRIBUTES_WEIGHT_TO"
"944","937","20","CONTRIBUTES_WEIGHT_TO"
"945","938","20","CONTRIBUTES_WEIGHT_TO"
"946","939","20","CONTRIBUTES_WEIGHT_TO"
"947","940","20","CONTRIBUTES_WEIGHT_TO"
"948","941","20","CONTRIBUTES_WEIGHT_TO"
"949","942","20","CONTRIBUTES_WEIGHT_TO"
"950","943","20","CONTRIBUTES_WEIGHT_TO"
"951","944","20","CONTRIBUTES_WEIGHT_TO"
"952","945","20","CONTRIBUTES_WEIGHT_TO"
"953","946","20","CONTRIBUTES_WEIGHT_TO"
"954","947","20","CONTRIBUTES_WEIGHT_TO"
"955","948","20","CONTRIBUTES_WEIGHT_TO"
"956","949","20","CONTRIBUTES_WEIGHT_TO"
"957","950","20","CONTRIBUTES_WEIGHT_TO"
"958","951","20","CONTRIBUTES_WEIGHT_TO"
"959","952","20","CONTRIBUTES_WEIGHT_TO"
"960","953","20","CONTRIBUTES_WEIGHT_TO"
"961","954","20","CONTRIBUTES_WEIGHT_TO"
"962","955","20","CONTRIBUTES_WEIGHT_TO"
"963","956","20","CONTRIBUTES_WEIGHT_TO"
"964","957","20","CONTRIBUTES_WEIGHT_TO"
"965","958","20","CONTRIBUTES_WEIGHT_TO"
"966","959","20","CONTRIBUTES_WEIGHT_TO"
"967","960","20","CONTRIBUTES_WEIGHT_TO"
"968","961","20","CONTRIBUTES_WEIGHT_TO"
"969","962","20","CONTRIBUTES_WEIGHT_TO"
"970","963","20","CONTRIBUTES_WEIGHT_TO"
"971","964","20","CONTRIBUTES_WEIGHT_TO"
"972","965","20","CONTRIBUTES_WEIGHT_TO"
"973","966","20","CONTRIBUTES_WEIGHT_TO"
"974","967","20","CONTRIBUTES_WEIGHT_TO"
"975","968","20","CONTRIBUTES_WEIGHT_TO"
"976","969","20","CONTRIBUTES_WEIGHT_TO"
"977","970","20","CONTRIBUTES_WEIGHT_TO"
"978","971","20","CONTRIBUTES_WEIGHT_TO"
"979","972","20","CONTRIBUTES_WEIGHT_TO"
"980","973","20","CONTRIBUTES_WEIGHT_TO"
"981","974","20","CONTRIBUTES_WEIGHT_TO"
"982","975","20","CONTRIBUTES_WEIGHT_TO"
"983","976","20","CONTRIBUTES_WEIGHT_TO"
"984","977","20","CONTRIBUTES_WEIGHT_TO"
"985","978","20","CONTRIBUTES_WEIGHT_TO"
"986","979","20","CONTRIBUTES_WEIGHT_TO"
"987","980","20","CONTRIBUTES_WEIGHT_TO"
"988","981","20","CONTRIBUTES_WEIGHT_TO"
"989","982","20","CONTRIBUTES_WEIGHT_TO"
"990","983","20","CONTRIBUTES_WEIGHT_TO"
"991","984","20","CONTRIBUTES_WEIGHT_TO"
"992","985","20","CONTRIBUTES_WEIGHT_TO"
"993","986","20","CONTRIBUTES_WEIGHT_TO"
"994","987","20","CONTRIBUTES_WEIGHT_TO"
"995","988","20","CONTRIBUTES_WEIGHT_TO"
"996","989","20","CONTRIBUTES_WEIGHT_TO"
"997","990","20","CONTRIBUTES_WEIGHT_TO"
"998","991","20","CONTRIBUTES_WEIGHT_TO"
"999","992","20","CONTRIBUTES_WEIGHT_TO"
"1000","993","20","CONTRIBUTES_WEIGHT_TO"
"1001","994","20","CONTRIBUTES_WEIGHT_TO"
"1002","995","20","CONTRIBUTES_WEIGHT_TO"
"1003","996","20","CONTRIBUTES_WEIGHT_TO"
"1004","997","20","CONTRIBUTES_WEIGHT_TO"
"1005","998","20","CONTRIBUTES_WEIGHT_TO"
"1006","999","20","CONTRIBUTES_WEIGHT_TO"
"1007","1000","20","CONTRIBUTES_WEIGHT_TO"
"1008","1001","20","CONTRIBUTES_WEIGHT_TO"
"1009","1002","20","CONTRIBUTES_WEIGHT_TO"
"1010","1003","20","CONTRIBUTES_WEIGHT_TO"
"1011","1004","20","CONTRIBUTES_WEIGHT_TO"
"1012","1005","20","CONTRIBUTES_WEIGHT_TO"
"1013","1006","20","CONTRIBUTES_WEIGHT_TO"
"1014","1007","20","CONTRIBUTES_WEIGHT_TO"
"1015","1008","20","CONTRIBUTES_WEIGHT_TO"
"1016","1009","20","CONTRIBUTES_WEIGHT_TO"
"1017","1010","20","CONTRIBUTES_WEIGHT_TO"
"1018","1011","20","CONTRIBUTES_WEIGHT_TO"
"1019","1012","20","CONTRIBUTES_WEIGHT_TO"
"1020","1013","20","CONTRIBUTES_WEIGHT_TO"
"1021","1014","20","CONTRIBUTES_WEIGHT_TO"
"1022","1015","20","CONTRIBUTES_WEIGHT_TO"
"1023","1016","20","CONTRIBUTES_WEIGHT_TO"
"1024","1017","20","CONTRIBUTES_WEIGHT_TO"
"1025","1018","20","CONTRIBUTES_WEIGHT_TO"
"1026","1019","20","CONTRIBUTES_WEIGHT_TO"
"1027","1020","20","CONTRIBUTES_WEIGHT_TO"
"1028","1021","20","CONTRIBUTES_WEIGHT_TO"
"1029","1022","20","CONTRIBUTES_WEIGHT_TO"
"1030","1023","20","CONTRIBUTES_WEIGHT_TO"
"1031","1024","20","CONTRIBUTES_WEIGHT_TO"
"1032","1025","20","CONTRIBUTES_WEIGHT_TO"
"1033","1026","20","CONTRIBUTES_WEIGHT_TO"
"1034","1027","20","CONTRIBUTES_WEIGHT_TO"
"1035","1028","20","CONTRIBUTES_WEIGHT_TO"
"1036","1029","20","CONTRIBUTES_WEIGHT_TO"
"1037","1030","20","CONTRIBUTES_WEIGHT_TO"
"1038","1031","20","CONTRIBUTES_WEIGHT_TO"
"1039","1032","20","CONTRIBUTES_WEIGHT_TO"
"1040","1033","20","CONTRIBUTES_WEIGHT_TO"
"1041","1034","20","CONTRIBUTES_WEIGHT_TO"
"1042","1035","20","CONTRIBUTES_WEIGHT_TO"
"1043","1036","20","CONTRIBUTES_WEIGHT_TO"
"1044","1037","20","CONTRIBUTES_WEIGHT_TO"
"1045","1038","20","CONTRIBUTES_WEIGHT_TO"
"1046","1039","20","CONTRIBUTES_WEIGHT_TO"
"1047","1040","20","CONTRIBUTES_WEIGHT_TO"
"1048","1041","20","CONTRIBUTES_WEIGHT_TO"
"1049","1042","20","CONTRIBUTES_WEIGHT_TO"
"1050","1043","20","CONTRIBUTES_WEIGHT_TO"
"1051","1044","20","CONTRIBUTES_WEIGHT_TO"
"1052","1045","20","CONTRIBUTES_WEIGHT_TO"
"1053","1046","20","CONTRIBUTES_WEIGHT_TO"
"1054","1047","20","CONTRIBUTES_WEIGHT_TO"
"1055","1048","20","CONTRIBUTES_WEIGHT_TO"
"1056","1049","20","CONTRIBUTES_WEIGHT_TO"
"1057","1050","20","CONTRIBUTES_WEIGHT_TO"
"1058","1051","20","CONTRIBUTES_WEIGHT_TO"
"1059","1052","20","CONTRIBUTES_WEIGHT_TO"
"1060","1053","20","CONTRIBUTES_WEIGHT_TO"
"1061","1054","20","CONTRIBUTES_WEIGHT_TO"
"1062","1055","20","CONTRIBUTES_WEIGHT_TO"
"1063","1056","20","CONTRIBUTES_WEIGHT_TO"
"1064","1057","20","CONTRIBUTES_WEIGHT_TO"
"1065","1058","20","CONTRIBUTES_WEIGHT_TO"
"1066","1059","20","CONTRIBUTES_WEIGHT_TO"
"1067","1060","20","CONTRIBUTES_WEIGHT_TO"
"1068","1061","20","CONTRIBUTES_WEIGHT_TO"
"1069","1062","20","CONTRIBUTES_WEIGHT_TO"
"1070","1063","20","CONTRIBUTES_WEIGHT_TO"
"1071","1064","20","CONTRIBUTES_WEIGHT_TO"
"1072","1065","20","CONTRIBUTES_WEIGHT_TO"
"1073","1066","20","CONTRIBUTES_WEIGHT_TO"
"1074","1067","20","CONTRIBUTES_WEIGHT_TO"
"1075","1068","20","CONTRIBUTES_WEIGHT_TO"
"1076","1069","20","CONTRIBUTES_WEIGHT_TO"
"1077","1070","20","CONTRIBUTES_WEIGHT_TO"
"1078","1071","20","CONTRIBUTES_WEIGHT_TO"
"1079","1072","20","CONTRIBUTES_WEIGHT_TO"
"1080","1073","20","CONTRIBUTES_WEIGHT_TO"
"1081","1074","20","CONTRIBUTES_WEIGHT_TO"
"1082","1075","20","CONTRIBUTES_WEIGHT_TO"
"1083","1076","20","CONTRIBUTES_WEIGHT_TO"
"1084","1077","20","CONTRIBUTES_WEIGHT_TO"
"1085","1078","20","CONTRIBUTES_WEIGHT_TO"
"1086","1079","20","CONTRIBUTES_WEIGHT_TO"
"1087","1080","20","CONTRIBUTES_WEIGHT_TO"
"1088","1081","20","CONTRIBUTES_WEIGHT_TO"
"1089","1082","20","CONTRIBUTES_WEIGHT_TO"
"1090","1083","20","CONTRIBUTES_WEIGHT_TO"
"1091","1084","20","CONTRIBUTES_WEIGHT_TO"
"1092","1085","20","CONTRIBUTES_WEIGHT_TO"
"1093","1086","20","CONTRIBUTES_WEIGHT_TO"
"1094","1087","20","CONTRIBUTES_WEIGHT_TO"
"1095","1088","20","CONTRIBUTES_WEIGHT_TO"
"1096","1089","20","CONTRIBUTES_WEIGHT_TO"
"1097","1090","20","CONTRIBUTES_WEIGHT_TO"
"1098","1091","20","CONTRIBUTES_WEIGHT_TO"
"1099","1092","20","CONTRIBUTES_WEIGHT_TO"
"1100","1093","20","CONTRIBUTES_WEIGHT_TO"
"1101","1094","20","CONTRIBUTES_WEIGHT_TO"
"1102","1095","20","CONTRIBUTES_WEIGHT_TO"